-- 002 - Atualizações tipo de Documento
-- CREATE TABLE
CREATE TABLE adempiere.lbr_doctype_acct ( 
	lbr_doctype_acct_id	number(10,0) NOT NULL,
	ad_org_id          	number(10,0) NOT NULL,
	ad_client_id       	number(10,0) NOT NULL,
	isactive           	char(1) DEFAULT 'Y' NOT NULL,
	created            	date NOT NULL,
	createdby          	number(10,0) NOT NULL,
	updated            	date NOT NULL,
	updatedby          	number(10,0) NOT NULL,
	c_doctype_id       	number(10,0) NOT NULL,
	c_acctschema_id    	number(10,0) NOT NULL,
	lbr_acct_cr        	varchar(22) NULL,
	lbr_acct_dr        	varchar(22) NULL 
	);


ALTER TABLE adempiere.lbr_doctype_acct
	ADD CONSTRAINT lbr_doctype_acct_key
	PRIMARY KEY (lbr_doctype_acct_id);

ALTER TABLE adempiere.lbr_doctype_acct
	ADD CONSTRAINT lbr_doctype_acct_isact_check
	CHECK (isactive in ('Y', 'N'));
	
-- ALTER TABLE
ALTER TABLE adempiere.c_doctype ADD	lbr_isautomaticshipment  	char(1) DEFAULT 'N' NOT NULL;
ALTER TABLE adempiere.c_doctype ADD	lbr_isautomaticinvoice   	char(1) DEFAULT 'N' NOT NULL;
ALTER TABLE adempiere.c_doctype ADD	lbr_hasopenitems         	char(1) DEFAULT 'Y' NOT NULL;

ALTER TABLE adempiere.c_doctype
	ADD CONSTRAINT c_doctype_lbr_isautoship_check
	CHECK (lbr_isautomaticshipment IN ('Y', 'N'));

ALTER TABLE adempiere.c_doctype
	ADD CONSTRAINT c_doctype_lbr_isautoinv_check
	CHECK (lbr_isautomaticinvoice IN ('Y', 'N'));

ALTER TABLE adempiere.c_doctype
	ADD CONSTRAINT c_doctype_lbr_hasopenitms_chk
	CHECK (lbr_hasopenitems IN ('Y', 'N'));
	
-- AD_Table
INSERT INTO ADEMPIERE.AD_TABLE(ad_table_id, ad_client_id, ad_org_id, isactive, created, createdby, updated, updatedby, name, description, help, tablename, isview, accesslevel, entitytype, ad_window_id, ad_val_rule_id, loadseq, issecurityenabled, isdeleteable, ishighvolume, importtable, ischangelog, replicationtype, po_window_id, copycolumnsfromtable)
  VALUES(1000029, 0, 0, 'Y', sysdate, 100, sysdate, 100, 'DocumentType Accounting', NULL, NULL, 'LBR_DocType_Acct', 'N', '3', 'LBRA', 135, NULL, 0, 'N', 'Y', 'N', 'N', 'N', 'L', NULL, 'N');

-- AD_Element
INSERT INTO ADEMPIERE.AD_ELEMENT(ad_element_id, ad_client_id, ad_org_id, isactive, created, createdby, updated, updatedby, columnname, entitytype, name, printname, description, help, po_name, po_printname, po_description, po_help)
  VALUES(1000230, 0, 0, 'Y', sysdate, 100, sysdate, 100, 'LBR_DocType_Acct_ID', 'LBRA', 'DocumentType Accounting', 'DocumentType Accounting', 'Primary key table LBR_DocType_Acct', 'Primary key table LBR_DocType_Acct', NULL, NULL, NULL, NULL);
INSERT INTO ADEMPIERE.AD_ELEMENT(ad_element_id, ad_client_id, ad_org_id, isactive, created, createdby, updated, updatedby, columnname, entitytype, name, printname, description, help, po_name, po_printname, po_description, po_help)
  VALUES(1000231, 0, 0, 'Y', sysdate, 100, sysdate, 100, 'lbr_Acct_CR', 'LBRA', 'Credit Account', 'Credit Account', 'Defines the Credit Account', 'Defines the Credit Account', NULL, NULL, NULL, NULL);
INSERT INTO ADEMPIERE.AD_ELEMENT(ad_element_id, ad_client_id, ad_org_id, isactive, created, createdby, updated, updatedby, columnname, entitytype, name, printname, description, help, po_name, po_printname, po_description, po_help)
  VALUES(1000232, 0, 0, 'Y', sysdate, 100, sysdate, 100, 'lbr_Acct_DR', 'LBRA', 'Debit Account', 'Debit Account', 'Defines the Debit Account', 'Defines the Debit Account', NULL, NULL, NULL, NULL);
INSERT INTO ADEMPIERE.AD_ELEMENT(ad_element_id, ad_client_id, ad_org_id, isactive, created, createdby, updated, updatedby, columnname, entitytype, name, printname, description, help, po_name, po_printname, po_description, po_help)
  VALUES(1000233, 0, 0, 'Y', sysdate, 100, sysdate, 100, 'lbr_IsAutomaticShipment', 'LBRA', 'Automatic Shipment', 'Automatic Shipment', 'Identifies if this Document generates Shipments automatically', 'Identifies if this Document generates Shipments automatically', NULL, NULL, NULL, NULL);
INSERT INTO ADEMPIERE.AD_ELEMENT(ad_element_id, ad_client_id, ad_org_id, isactive, created, createdby, updated, updatedby, columnname, entitytype, name, printname, description, help, po_name, po_printname, po_description, po_help)
  VALUES(1000234, 0, 0, 'Y', sysdate, 100, sysdate, 100, 'lbr_IsAutomaticInvoice', 'LBRA', 'Automatic Invoice', 'Automatic Invoice', 'Identifies if this Document generates Invoices automatically', 'Identifies if this Document generates Invoices automatically', NULL, NULL, NULL, NULL);
INSERT INTO ADEMPIERE.AD_ELEMENT(ad_element_id, ad_client_id, ad_org_id, isactive, created, createdby, updated, updatedby, columnname, entitytype, name, printname, description, help, po_name, po_printname, po_description, po_help)
  VALUES(1000235, 0, 0, 'Y', sysdate, 100, sysdate, 100, 'lbr_HasOpenItems', 'LBRA', 'Has Open Items', 'Has Open Items', 'Identifies if this Document Has Open Items', 'Identifies if this Document Has Open Items', NULL, NULL, NULL, NULL);

-- AD_Column
INSERT INTO ADEMPIERE.AD_Column(ad_column_id, ad_client_id, ad_org_id, isactive, created, updated, createdby, updatedby, name, description, help, version, entitytype, columnname, ad_table_id, ad_reference_id, ad_reference_value_id, ad_val_rule_id, fieldlength, defaultvalue, iskey, isparent, ismandatory, isupdateable, readonlylogic, isidentifier, seqno, istranslated, isencrypted, callout, vformat, valuemin, valuemax, isselectioncolumn, ad_element_id, ad_process_id, issyncdatabase, isalwaysupdateable, columnsql, mandatorylogic)
  VALUES(1000594, 0, 0, 'Y', sysdate, sysdate, 100, 100, 'DocumentType Accounting', 'Primary key table LBR_DocType_Acct', 'Primary key table LBR_DocType_Acct', 0, 'LBRA', 'LBR_DocType_Acct_ID', 1000029, 13, NULL, NULL, 22, NULL, 'Y', 'N', 'Y', 'N', NULL, 'N', 0, 'N', 'N', NULL, NULL, NULL, NULL, 'N', 1000230, NULL, 'N', 'N', NULL, NULL);
INSERT INTO ADEMPIERE.AD_Column(ad_column_id, ad_client_id, ad_org_id, isactive, created, updated, createdby, updatedby, name, description, help, version, entitytype, columnname, ad_table_id, ad_reference_id, ad_reference_value_id, ad_val_rule_id, fieldlength, defaultvalue, iskey, isparent, ismandatory, isupdateable, readonlylogic, isidentifier, seqno, istranslated, isencrypted, callout, vformat, valuemin, valuemax, isselectioncolumn, ad_element_id, ad_process_id, issyncdatabase, isalwaysupdateable, columnsql, mandatorylogic)
  VALUES(1000595, 0, 0, 'Y', sysdate, sysdate, 100, 100, 'Organization', 'Organizational entity within client', 'An organization is a unit of your client or legal entity - examples are store, department. You can share data between organizations.', 0, 'LBRA', 'AD_Org_ID', 1000029, 19, NULL, 104, 22, '@#AD_Org_ID@', 'N', 'N', 'Y', 'N', NULL, 'N', 0, 'N', 'N', NULL, NULL, NULL, NULL, 'N', 113, NULL, 'N', 'N', NULL, NULL);
INSERT INTO ADEMPIERE.AD_Column(ad_column_id, ad_client_id, ad_org_id, isactive, created, updated, createdby, updatedby, name, description, help, version, entitytype, columnname, ad_table_id, ad_reference_id, ad_reference_value_id, ad_val_rule_id, fieldlength, defaultvalue, iskey, isparent, ismandatory, isupdateable, readonlylogic, isidentifier, seqno, istranslated, isencrypted, callout, vformat, valuemin, valuemax, isselectioncolumn, ad_element_id, ad_process_id, issyncdatabase, isalwaysupdateable, columnsql, mandatorylogic)
  VALUES(1000596, 0, 0, 'Y', sysdate, sysdate, 100, 100, 'Client', 'Client/Tenant for this installation.', 'A Client is a company or a legal entity. You cannot share data between Clients. Tenant is a synonym for Client.', 0, 'LBRA', 'AD_Client_ID', 1000029, 19, NULL, 116, 22, '@#AD_Client_ID@', 'N', 'N', 'Y', 'N', NULL, 'N', 0, 'N', 'N', NULL, NULL, NULL, NULL, 'N', 102, NULL, 'N', 'N', NULL, NULL);
INSERT INTO ADEMPIERE.AD_Column(ad_column_id, ad_client_id, ad_org_id, isactive, created, updated, createdby, updatedby, name, description, help, version, entitytype, columnname, ad_table_id, ad_reference_id, ad_reference_value_id, ad_val_rule_id, fieldlength, defaultvalue, iskey, isparent, ismandatory, isupdateable, readonlylogic, isidentifier, seqno, istranslated, isencrypted, callout, vformat, valuemin, valuemax, isselectioncolumn, ad_element_id, ad_process_id, issyncdatabase, isalwaysupdateable, columnsql, mandatorylogic)
  VALUES(1000597, 0, 0, 'Y', sysdate, sysdate, 100, 100, 'Active', 'The record is active in the system', 'There are two methods of making records unavailable in the system: One is to delete the record, the other is to de-activate the record. A de-activated record is not available for selection, but available for reports.
There are two reasons for de-activating and not deleting records:
(1) The system requires the record for audit purposes.
(2) The record is referenced by other records. E.g., you cannot delete a Business Partner, if there are invoices for this partner record existing. You de-activate the Business Partner and prevent that this record is used for future entries.', 0, 'LBRA', 'IsActive', 1000029, 20, NULL, NULL, 1, '''Y''', 'N', 'N', 'Y', 'Y', NULL, 'N', 0, 'N', 'N', NULL, NULL, NULL, NULL, 'N', 348, NULL, 'N', 'N', NULL, NULL);
INSERT INTO ADEMPIERE.AD_Column(ad_column_id, ad_client_id, ad_org_id, isactive, created, updated, createdby, updatedby, name, description, help, version, entitytype, columnname, ad_table_id, ad_reference_id, ad_reference_value_id, ad_val_rule_id, fieldlength, defaultvalue, iskey, isparent, ismandatory, isupdateable, readonlylogic, isidentifier, seqno, istranslated, isencrypted, callout, vformat, valuemin, valuemax, isselectioncolumn, ad_element_id, ad_process_id, issyncdatabase, isalwaysupdateable, columnsql, mandatorylogic)
  VALUES(1000598, 0, 0, 'Y', sysdate, sysdate, 100, 100, 'Created', 'Date this record was created', 'The Created field indicates the date that this record was created.', 0, 'LBRA', 'Created', 1000029, 16, NULL, NULL, 7, NULL, 'N', 'N', 'Y', 'N', NULL, 'N', 0, 'N', 'N', NULL, NULL, NULL, NULL, 'N', 245, NULL, 'N', 'N', NULL, NULL);
INSERT INTO ADEMPIERE.AD_Column(ad_column_id, ad_client_id, ad_org_id, isactive, created, updated, createdby, updatedby, name, description, help, version, entitytype, columnname, ad_table_id, ad_reference_id, ad_reference_value_id, ad_val_rule_id, fieldlength, defaultvalue, iskey, isparent, ismandatory, isupdateable, readonlylogic, isidentifier, seqno, istranslated, isencrypted, callout, vformat, valuemin, valuemax, isselectioncolumn, ad_element_id, ad_process_id, issyncdatabase, isalwaysupdateable, columnsql, mandatorylogic)
  VALUES(1000599, 0, 0, 'Y', sysdate, sysdate, 100, 100, 'Created By', 'User who created this records', 'The Created By field indicates the user who created this record.', 0, 'LBRA', 'CreatedBy', 1000029, 18, 110, NULL, 22, NULL, 'N', 'N', 'Y', 'N', NULL, 'N', 0, 'N', 'N', NULL, NULL, NULL, NULL, 'N', 246, NULL, 'N', 'N', NULL, NULL);
INSERT INTO ADEMPIERE.AD_Column(ad_column_id, ad_client_id, ad_org_id, isactive, created, updated, createdby, updatedby, name, description, help, version, entitytype, columnname, ad_table_id, ad_reference_id, ad_reference_value_id, ad_val_rule_id, fieldlength, defaultvalue, iskey, isparent, ismandatory, isupdateable, readonlylogic, isidentifier, seqno, istranslated, isencrypted, callout, vformat, valuemin, valuemax, isselectioncolumn, ad_element_id, ad_process_id, issyncdatabase, isalwaysupdateable, columnsql, mandatorylogic)
  VALUES(1000600, 0, 0, 'Y', sysdate, sysdate, 100, 100, 'Updated', 'Date this record was updated', 'The Updated field indicates the date that this record was updated.', 0, 'LBRA', 'Updated', 1000029, 16, NULL, NULL, 7, NULL, 'N', 'N', 'Y', 'N', NULL, 'N', 0, 'N', 'N', NULL, NULL, NULL, NULL, 'N', 607, NULL, 'N', 'N', NULL, NULL);
INSERT INTO ADEMPIERE.AD_Column(ad_column_id, ad_client_id, ad_org_id, isactive, created, updated, createdby, updatedby, name, description, help, version, entitytype, columnname, ad_table_id, ad_reference_id, ad_reference_value_id, ad_val_rule_id, fieldlength, defaultvalue, iskey, isparent, ismandatory, isupdateable, readonlylogic, isidentifier, seqno, istranslated, isencrypted, callout, vformat, valuemin, valuemax, isselectioncolumn, ad_element_id, ad_process_id, issyncdatabase, isalwaysupdateable, columnsql, mandatorylogic)
  VALUES(1000601, 0, 0, 'Y', sysdate, sysdate, 100, 100, 'Updated By', 'User who updated this records', 'The Updated By field indicates the user who updated this record.', 0, 'LBRA', 'UpdatedBy', 1000029, 18, 110, NULL, 22, NULL, 'N', 'N', 'Y', 'N', NULL, 'N', 0, 'N', 'N', NULL, NULL, NULL, NULL, 'N', 608, NULL, 'N', 'N', NULL, NULL);
INSERT INTO ADEMPIERE.AD_Column(ad_column_id, ad_client_id, ad_org_id, isactive, created, updated, createdby, updatedby, name, description, help, version, entitytype, columnname, ad_table_id, ad_reference_id, ad_reference_value_id, ad_val_rule_id, fieldlength, defaultvalue, iskey, isparent, ismandatory, isupdateable, readonlylogic, isidentifier, seqno, istranslated, isencrypted, callout, vformat, valuemin, valuemax, isselectioncolumn, ad_element_id, ad_process_id, issyncdatabase, isalwaysupdateable, columnsql, mandatorylogic)
  VALUES(1000602, 0, 0, 'Y', sysdate, sysdate, 100, 100, 'Document Type', 'Document type or rules', 'The Document Type determines document sequence and processing rules', 0, 'LBRA', 'C_DocType_ID', 1000029, 19, NULL, NULL, 22, NULL, 'N', 'Y', 'Y', 'N', NULL, 'N', 0, 'N', 'N', NULL, NULL, NULL, NULL, 'N', 196, NULL, 'N', 'N', NULL, NULL);
INSERT INTO ADEMPIERE.AD_Column(ad_column_id, ad_client_id, ad_org_id, isactive, created, updated, createdby, updatedby, name, description, help, version, entitytype, columnname, ad_table_id, ad_reference_id, ad_reference_value_id, ad_val_rule_id, fieldlength, defaultvalue, iskey, isparent, ismandatory, isupdateable, readonlylogic, isidentifier, seqno, istranslated, isencrypted, callout, vformat, valuemin, valuemax, isselectioncolumn, ad_element_id, ad_process_id, issyncdatabase, isalwaysupdateable, columnsql, mandatorylogic)
  VALUES(1000603, 0, 0, 'Y', sysdate, sysdate, 100, 100, 'Accounting Schema', 'Rules for accounting', 'An Accounting Schema defines the rules used in accounting such as costing method, currency and calendar', 0, 'LBRA', 'C_AcctSchema_ID', 1000029, 19, NULL, NULL, 22, NULL, 'N', 'N', 'Y', 'Y', NULL, 'N', 0, 'N', 'N', NULL, NULL, NULL, NULL, 'N', 181, NULL, 'N', 'N', NULL, NULL);
INSERT INTO ADEMPIERE.AD_Column(ad_column_id, ad_client_id, ad_org_id, isactive, created, updated, createdby, updatedby, name, description, help, version, entitytype, columnname, ad_table_id, ad_reference_id, ad_reference_value_id, ad_val_rule_id, fieldlength, defaultvalue, iskey, isparent, ismandatory, isupdateable, readonlylogic, isidentifier, seqno, istranslated, isencrypted, callout, vformat, valuemin, valuemax, isselectioncolumn, ad_element_id, ad_process_id, issyncdatabase, isalwaysupdateable, columnsql, mandatorylogic)
  VALUES(1000604, 0, 0, 'Y', sysdate, sysdate, 100, 100, 'Credit Account', 'Defines the Credit Account', 'Defines the Credit Account', 0, 'LBRA', 'lbr_Acct_CR', 1000029, 25, NULL, NULL, 22, NULL, 'N', 'N', 'N', 'Y', NULL, 'N', 0, 'N', 'N', NULL, NULL, NULL, NULL, 'N', 1000231, NULL, 'N', 'N', NULL, NULL);
INSERT INTO ADEMPIERE.AD_Column(ad_column_id, ad_client_id, ad_org_id, isactive, created, updated, createdby, updatedby, name, description, help, version, entitytype, columnname, ad_table_id, ad_reference_id, ad_reference_value_id, ad_val_rule_id, fieldlength, defaultvalue, iskey, isparent, ismandatory, isupdateable, readonlylogic, isidentifier, seqno, istranslated, isencrypted, callout, vformat, valuemin, valuemax, isselectioncolumn, ad_element_id, ad_process_id, issyncdatabase, isalwaysupdateable, columnsql, mandatorylogic)
  VALUES(1000605, 0, 0, 'Y', sysdate, sysdate, 100, 100, 'Debit Account', 'Defines the Debit Account', 'Defines the Debit Account', 0, 'LBRA', 'lbr_Acct_DR', 1000029, 25, NULL, NULL, 22, NULL, 'N', 'N', 'N', 'Y', NULL, 'N', 0, 'N', 'N', NULL, NULL, NULL, NULL, 'N', 1000232, NULL, 'N', 'N', NULL, NULL);
INSERT INTO ADEMPIERE.AD_COLUMN(ad_column_id, ad_client_id, ad_org_id, isactive, created, updated, createdby, updatedby, name, description, help, version, entitytype, columnname, ad_table_id, ad_reference_id, ad_reference_value_id, ad_val_rule_id, fieldlength, defaultvalue, iskey, isparent, ismandatory, isupdateable, readonlylogic, isidentifier, seqno, istranslated, isencrypted, callout, vformat, valuemin, valuemax, isselectioncolumn, ad_element_id, ad_process_id, issyncdatabase, isalwaysupdateable, columnsql, mandatorylogic)
  VALUES(1000606, 0, 0, 'Y', sysdate, sysdate, 100, 100, 'Automatic Shipment', 'Identifies if this Document generates Shipments automatically', 'Identifies if this Document generates Shipments automatically', 0, 'LBRA', 'lbr_IsAutomaticShipment', 217, 20, NULL, NULL, 1, '''N''', 'N', 'N', 'Y', 'Y', NULL, 'N', 0, 'N', 'N', NULL, NULL, NULL, NULL, 'N', 1000233, NULL, 'N', 'N', NULL, NULL);
INSERT INTO ADEMPIERE.AD_COLUMN(ad_column_id, ad_client_id, ad_org_id, isactive, created, updated, createdby, updatedby, name, description, help, version, entitytype, columnname, ad_table_id, ad_reference_id, ad_reference_value_id, ad_val_rule_id, fieldlength, defaultvalue, iskey, isparent, ismandatory, isupdateable, readonlylogic, isidentifier, seqno, istranslated, isencrypted, callout, vformat, valuemin, valuemax, isselectioncolumn, ad_element_id, ad_process_id, issyncdatabase, isalwaysupdateable, columnsql, mandatorylogic)
  VALUES(1000607, 0, 0, 'Y', sysdate, sysdate, 100, 100, 'Automatic Invoice', 'Identifies if this Document generates Invoices automatically', 'Identifies if this Document generates Invoices automatically', 0, 'LBRA', 'lbr_IsAutomaticInvoice', 217, 20, NULL, NULL, 1, '''N''', 'N', 'N', 'Y', 'Y', NULL, 'N', 0, 'N', 'N', NULL, NULL, NULL, NULL, 'N', 1000234, NULL, 'N', 'N', NULL, NULL);
INSERT INTO ADEMPIERE.AD_COLUMN(ad_column_id, ad_client_id, ad_org_id, isactive, created, updated, createdby, updatedby, name, description, help, version, entitytype, columnname, ad_table_id, ad_reference_id, ad_reference_value_id, ad_val_rule_id, fieldlength, defaultvalue, iskey, isparent, ismandatory, isupdateable, readonlylogic, isidentifier, seqno, istranslated, isencrypted, callout, vformat, valuemin, valuemax, isselectioncolumn, ad_element_id, ad_process_id, issyncdatabase, isalwaysupdateable, columnsql, mandatorylogic)
  VALUES(1000608, 0, 0, 'Y', sysdate, sysdate, 100, 100, 'Has Open Items', 'Identifies if this Document Has Open Items', 'Identifies if this Document Has Open Items', 0, 'LBRA', 'lbr_HasOpenItems', 217, 20, NULL, NULL, 1, '''Y''', 'N', 'N', 'Y', 'Y', NULL, 'N', 0, 'N', 'N', NULL, NULL, NULL, NULL, 'N', 1000235, NULL, 'N', 'N', NULL, NULL);

-- AD_Tab
INSERT INTO ADEMPIERE.AD_TAB(ad_tab_id, ad_client_id, ad_org_id, isactive, created, createdby, updated, updatedby, name, description, help, ad_table_id, ad_window_id, seqno, tablevel, issinglerow, isinfotab, istranslationtab, isreadonly, ad_column_id, hastree, whereclause, orderbyclause, commitwarning, ad_process_id, processing, ad_image_id, importfields, ad_columnsortorder_id, ad_columnsortyesno_id, issorttab, entitytype, included_tab_id, readonlylogic, displaylogic, isinsertrecord, isadvancedtab)
  VALUES(1000022, 0, 0, 'Y', sysdate, 100, sysdate, 100, 'DocType Acct', NULL, NULL, 1000029, 135, 30, 1, 'N', 'Y', 'N', 'N', 1000602, 'N', NULL, NULL, NULL, NULL, 'N', NULL, 'N', NULL, NULL, 'N', 'LBRA', NULL, NULL, NULL, 'Y', 'N');

-- AD_Field
INSERT INTO ADEMPIERE.AD_FIELD(ad_field_id, ad_client_id, ad_org_id, isactive, created, createdby, updated, updatedby, name, description, help, iscentrallymaintained, ad_tab_id, ad_column_id, ad_fieldgroup_id, isdisplayed, displaylogic, displaylength, isreadonly, seqno, sortno, issameline, isheading, isfieldonly, isencrypted, entitytype, obscuretype, ad_reference_id, ismandatory, included_tab_id, defaultvalue)
  VALUES(1000406, 0, 0, 'Y', sysdate, 100, sysdate, 100, 'DocumentType Accounting', 'Primary key table LBR_DocType_Acct', 'Primary key table LBR_DocType_Acct', 'Y', 1000022, 1000594, NULL, 'N', NULL, 22, 'N', NULL, NULL, 'N', 'N', 'N', 'N', 'LBRA', NULL, NULL, NULL, NULL, NULL);
INSERT INTO ADEMPIERE.AD_FIELD(ad_field_id, ad_client_id, ad_org_id, isactive, created, createdby, updated, updatedby, name, description, help, iscentrallymaintained, ad_tab_id, ad_column_id, ad_fieldgroup_id, isdisplayed, displaylogic, displaylength, isreadonly, seqno, sortno, issameline, isheading, isfieldonly, isencrypted, entitytype, obscuretype, ad_reference_id, ismandatory, included_tab_id, defaultvalue)
  VALUES(1000407, 0, 0, 'Y', sysdate, 100, sysdate, 100, 'Organization', 'Organizational entity within client', 'An organization is a unit of your client or legal entity - examples are store, department. You can share data between organizations.', 'Y', 1000022, 1000595, NULL, 'Y', NULL, 22, 'N', 20, NULL, 'Y', 'N', 'N', 'N', 'LBRA', NULL, NULL, NULL, NULL, NULL);
INSERT INTO ADEMPIERE.AD_FIELD(ad_field_id, ad_client_id, ad_org_id, isactive, created, createdby, updated, updatedby, name, description, help, iscentrallymaintained, ad_tab_id, ad_column_id, ad_fieldgroup_id, isdisplayed, displaylogic, displaylength, isreadonly, seqno, sortno, issameline, isheading, isfieldonly, isencrypted, entitytype, obscuretype, ad_reference_id, ismandatory, included_tab_id, defaultvalue)
  VALUES(1000402, 0, 0, 'Y', sysdate, 100, sysdate, 100, 'Client', 'Client/Tenant for this installation.', 'A Client is a company or a legal entity. You cannot share data between Clients. Tenant is a synonym for Client.', 'Y', 1000022, 1000596, NULL, 'Y', NULL, 22, 'N', 10, NULL, 'N', 'N', 'N', 'N', 'LBRA', NULL, NULL, NULL, NULL, NULL);
INSERT INTO ADEMPIERE.AD_FIELD(ad_field_id, ad_client_id, ad_org_id, isactive, created, createdby, updated, updatedby, name, description, help, iscentrallymaintained, ad_tab_id, ad_column_id, ad_fieldgroup_id, isdisplayed, displaylogic, displaylength, isreadonly, seqno, sortno, issameline, isheading, isfieldonly, isencrypted, entitytype, obscuretype, ad_reference_id, ismandatory, included_tab_id, defaultvalue)
  VALUES(1000401, 0, 0, 'Y', sysdate, 100, sysdate, 100, 'Active', 'The record is active in the system', 'There are two methods of making records unavailable in the system: One is to delete the record, the other is to de-activate the record. A de-activated record is not available for selection, but available for reports. There are two reasons for de-activating and not deleting records: (1) The system requires the record for audit purposes. (2) The record is referenced by other records. E.g., you cannot delete a Business Partner, if there are invoices for this partner record existing. You de-activate the Business Partner and prevent that this record is used for future entries.', 'Y', 1000022, 1000597, NULL, 'Y', NULL, 1, 'N', 40, NULL, 'Y', 'N', 'N', 'N', 'LBRA', NULL, NULL, NULL, NULL, NULL);
INSERT INTO ADEMPIERE.AD_FIELD(ad_field_id, ad_client_id, ad_org_id, isactive, created, createdby, updated, updatedby, name, description, help, iscentrallymaintained, ad_tab_id, ad_column_id, ad_fieldgroup_id, isdisplayed, displaylogic, displaylength, isreadonly, seqno, sortno, issameline, isheading, isfieldonly, isencrypted, entitytype, obscuretype, ad_reference_id, ismandatory, included_tab_id, defaultvalue)
  VALUES(1000405, 0, 0, 'Y', sysdate, 100, sysdate, 100, 'Document Type', 'Document type or rules', 'The Document Type determines document sequence and processing rules', 'Y', 1000022, 1000602, NULL, 'Y', NULL, 22, 'N', 30, NULL, 'N', 'N', 'N', 'N', 'LBRA', NULL, NULL, NULL, NULL, NULL);
INSERT INTO ADEMPIERE.AD_FIELD(ad_field_id, ad_client_id, ad_org_id, isactive, created, createdby, updated, updatedby, name, description, help, iscentrallymaintained, ad_tab_id, ad_column_id, ad_fieldgroup_id, isdisplayed, displaylogic, displaylength, isreadonly, seqno, sortno, issameline, isheading, isfieldonly, isencrypted, entitytype, obscuretype, ad_reference_id, ismandatory, included_tab_id, defaultvalue)
  VALUES(1000400, 0, 0, 'Y', sysdate, 100, sysdate, 100, 'Accounting Schema', 'Rules for accounting', 'An Accounting Schema defines the rules used in accounting such as costing method, currency and calendar', 'Y', 1000022, 1000603, 113, 'Y', NULL, 22, 'N', 50, NULL, 'N', 'N', 'N', 'N', 'LBRA', NULL, NULL, NULL, NULL, NULL);
INSERT INTO ADEMPIERE.AD_FIELD(ad_field_id, ad_client_id, ad_org_id, isactive, created, createdby, updated, updatedby, name, description, help, iscentrallymaintained, ad_tab_id, ad_column_id, ad_fieldgroup_id, isdisplayed, displaylogic, displaylength, isreadonly, seqno, sortno, issameline, isheading, isfieldonly, isencrypted, entitytype, obscuretype, ad_reference_id, ismandatory, included_tab_id, defaultvalue)
  VALUES(1000403, 0, 0, 'Y', sysdate, 100, sysdate, 100, 'Credit Account', 'Defines the Credit Account', 'Defines the Credit Account', 'Y', 1000022, 1000604, 113, 'Y', NULL, 22, 'N', 60, NULL, 'N', 'N', 'N', 'N', 'LBRA', NULL, NULL, NULL, NULL, NULL);
INSERT INTO ADEMPIERE.AD_FIELD(ad_field_id, ad_client_id, ad_org_id, isactive, created, createdby, updated, updatedby, name, description, help, iscentrallymaintained, ad_tab_id, ad_column_id, ad_fieldgroup_id, isdisplayed, displaylogic, displaylength, isreadonly, seqno, sortno, issameline, isheading, isfieldonly, isencrypted, entitytype, obscuretype, ad_reference_id, ismandatory, included_tab_id, defaultvalue)
  VALUES(1000404, 0, 0, 'Y', sysdate, 100, sysdate, 100, 'Debit Account', 'Defines the Debit Account', 'Defines the Debit Account', 'Y', 1000022, 1000605, 113, 'Y', NULL, 22, 'N', 70, NULL, 'Y', 'N', 'N', 'N', 'LBRA', NULL, NULL, NULL, NULL, NULL);
  INSERT INTO ADEMPIERE.AD_FIELD(ad_field_id, ad_client_id, ad_org_id, isactive, created, createdby, updated, updatedby, name, description, help, iscentrallymaintained, ad_tab_id, ad_column_id, ad_fieldgroup_id, isdisplayed, displaylogic, displaylength, isreadonly, seqno, sortno, issameline, isheading, isfieldonly, isencrypted, entitytype, obscuretype, ad_reference_id, ismandatory, included_tab_id, defaultvalue)
  VALUES(1000408, 0, 0, 'Y', sysdate, 100, sysdate, 100, 'Automatic Invoice', 'Identifies if this Document generates Invoices automatically', 'Identifies if this Document generates Invoices automatically', 'Y', 167, 1000607, 1000000, 'Y', '@DocBaseType@=''SOO''', 1, 'N', 320, NULL, 'Y', 'N', 'N', 'N', 'LBRA', NULL, NULL, NULL, NULL, NULL);
INSERT INTO ADEMPIERE.AD_FIELD(ad_field_id, ad_client_id, ad_org_id, isactive, created, createdby, updated, updatedby, name, description, help, iscentrallymaintained, ad_tab_id, ad_column_id, ad_fieldgroup_id, isdisplayed, displaylogic, displaylength, isreadonly, seqno, sortno, issameline, isheading, isfieldonly, isencrypted, entitytype, obscuretype, ad_reference_id, ismandatory, included_tab_id, defaultvalue)
  VALUES(1000409, 0, 0, 'Y', sysdate, 100, sysdate, 100, 'Automatic Shipment', 'Identifies if this Document generates Shipments automatically', 'Identifies if this Document generates Shipments automatically', 'Y', 167, 1000606, 1000000, 'Y', '@DocBaseType@=''SOO''', 1, 'N', 310, NULL, 'N', 'N', 'N', 'N', 'LBRA', NULL, NULL, NULL, NULL, NULL);
INSERT INTO ADEMPIERE.AD_FIELD(ad_field_id, ad_client_id, ad_org_id, isactive, created, createdby, updated, updatedby, name, description, help, iscentrallymaintained, ad_tab_id, ad_column_id, ad_fieldgroup_id, isdisplayed, displaylogic, displaylength, isreadonly, seqno, sortno, issameline, isheading, isfieldonly, isencrypted, entitytype, obscuretype, ad_reference_id, ismandatory, included_tab_id, defaultvalue)
  VALUES(1000410, 0, 0, 'Y', sysdate, 100, sysdate, 100, 'Has Open Items', 'Identifies if this Document Has Open Items', 'Identifies if this Document Has Open Items', 'Y', 167, 1000608, 1000000, 'Y', '@DocBaseType@=''SOO'' | @DocBaseType@=''POO''', 1, 'N', 330, NULL, 'N', 'N', 'N', 'N', 'LBRA', NULL, NULL, NULL, NULL, NULL);
  
  exit
