<?xml version="1.0" encoding="UTF-8"?><idempiere Name="Correios" Version="1.0.0" idempiereVersion="" DataBaseVersion="" Description="Integração com o sistema de cálculo de frete dos correios." Author="" AuthorEmail="rsantana@kenos.com.br" CreatedDate="2017-12-08 18:07:09.578" UpdatedDate="2017-12-08 18:07:09.578" PackOutVersion="100" UpdateDictionary="false" Client="0-SYSTEM-System" AD_Client_UU="11237b53-9592-4af1-b3c5-afd216514b5d">
    <AD_Menu type="table">
        <Parent_ID reference="uuid" reference-key="AD_Menu">bdc8435b-2334-4992-bc36-2b87fa55ccd5</Parent_ID>
        <SeqNo>2</SeqNo>
        <AD_Client_ID>0</AD_Client_ID>
        <AD_Org_ID>0</AD_Org_ID>
        <Name>Freight Calc</Name>
        <Description/>
        <Action>X</Action>
        <AD_Window_ID reference="id"/>
        <AD_Workflow_ID reference="id"/>
        <AD_Task_ID reference="id"/>
        <IsActive>Y</IsActive>
        <IsSummary>N</IsSummary>
        <AD_Process_ID reference="id"/>
        <IsSOTrx>Y</IsSOTrx>
        <AD_Form_ID reference="uuid" reference-key="AD_Form">b3bed596-2853-4950-9908-24c0d660686c</AD_Form_ID>
        <IsReadOnly>N</IsReadOnly>
        <EntityType>LBRA</EntityType>
        <IsCentrallyMaintained>Y</IsCentrallyMaintained>
        <AD_Menu_UU>860aaab9-1df5-470d-b813-a6a45c33e2dd</AD_Menu_UU>
        <AD_InfoWindow_ID reference="id"/>
        <AD_Menu_Trl type="translation">
            <Name>Freight Calc</Name>
            <Description/>
            <AD_Language>en_US</AD_Language>
            <IsActive>Y</IsActive>
            <IsTranslated>N</IsTranslated>
        </AD_Menu_Trl>
        <AD_Menu_Trl type="translation">
            <Name>Cálculo de Frete (Correios)</Name>
            <Description/>
            <AD_Language>pt_BR</AD_Language>
            <IsActive>Y</IsActive>
            <IsTranslated>Y</IsTranslated>
        </AD_Menu_Trl>
        <AD_Form type="table">
            <AD_Client_ID>0</AD_Client_ID>
            <AD_Org_ID>0</AD_Org_ID>
            <IsActive>Y</IsActive>
            <Name>Freight Calc</Name>
            <Description>Freight calculation for Brazilian Post Service (Correios)</Description>
            <Help/>
            <Classname>org.kenos.idempiere.lbr.correios.form.WFreightCalc</Classname>
            <AccessLevel>3</AccessLevel>
            <EntityType>LBRA</EntityType>
            <IsBetaFunctionality>N</IsBetaFunctionality>
            <JSPURL/>
            <AD_Form_UU>b3bed596-2853-4950-9908-24c0d660686c</AD_Form_UU>
            <AD_CtxHelp_ID reference="id"/>
            <AD_Form_Trl type="translation">
                <Help/>
                <Description>Freight calculation for Brazilian Post Service (Correios)</Description>
                <Name>Freight Calc</Name>
                <AD_Language>en_US</AD_Language>
                <IsActive>Y</IsActive>
                <IsTranslated>N</IsTranslated>
            </AD_Form_Trl>
            <AD_Form_Trl type="translation">
                <Help/>
                <Description>Sistema de cálculo de frete para o serviço de postagem brasileiro (Correios)</Description>
                <Name>Cálculo de Frete (Correios)</Name>
                <AD_Language>pt_BR</AD_Language>
                <IsActive>Y</IsActive>
                <IsTranslated>Y</IsTranslated>
            </AD_Form_Trl>
        </AD_Form>
    </AD_Menu>
    <AD_Process type="table">
        <AD_Client_ID>0</AD_Client_ID>
        <AD_Org_ID>0</AD_Org_ID>
        <IsActive>Y</IsActive>
        <Name>Freight Calc</Name>
        <Description>Freight calculation for Brazilian Post Service (Correios)</Description>
        <Help/>
        <ProcedureName/>
        <IsReport>N</IsReport>
        <Value>LBR_Freight_Calc</Value>
        <IsDirectPrint>N</IsDirectPrint>
        <AD_ReportView_ID reference="id"/>
        <Classname/>
        <AccessLevel>3</AccessLevel>
        <EntityType>LBRA</EntityType>
        <Statistic_Count>0</Statistic_Count>
        <Statistic_Seconds>0</Statistic_Seconds>
        <AD_PrintFormat_ID reference="id"/>
        <WorkflowValue/>
        <AD_Workflow_ID reference="id"/>
        <IsBetaFunctionality>N</IsBetaFunctionality>
        <IsServerProcess>N</IsServerProcess>
        <ShowHelp>Y</ShowHelp>
        <JasperReport/>
        <AD_Form_ID reference="uuid" reference-key="AD_Form">b3bed596-2853-4950-9908-24c0d660686c</AD_Form_ID>
        <CopyFromProcess>N</CopyFromProcess>
        <AD_Process_UU>5efaeb22-fe9f-47ae-a1ae-228b3395e68e</AD_Process_UU>
        <AD_CtxHelp_ID reference="id"/>
        <AD_Process_Trl type="translation">
            <Help/>
            <Description>Freight calculation for Brazilian Post Service (Correios)</Description>
            <Name>Freight Calc</Name>
            <AD_Language>en_US</AD_Language>
            <IsActive>Y</IsActive>
            <IsTranslated>N</IsTranslated>
        </AD_Process_Trl>
        <AD_Process_Trl type="translation">
            <Help/>
            <Description>Sistema de cálculo de frete para o serviço de postagem brasileiro (Correios)</Description>
            <Name>Cálculo de Frete (Correios)</Name>
            <AD_Language>pt_BR</AD_Language>
            <IsActive>Y</IsActive>
            <IsTranslated>Y</IsTranslated>
        </AD_Process_Trl>
    </AD_Process>
    <AD_ToolBarButton type="table">
        <AD_Client_ID>0</AD_Client_ID>
        <AD_Org_ID>0</AD_Org_ID>
        <ComponentName>FreightCalc</ComponentName>
        <IsActive>Y</IsActive>
        <Name>Freight Calc</Name>
        <IsCustomization>N</IsCustomization>
        <ActionClassName/>
        <ActionName/>
        <KeyStroke_KeyCode/>
        <KeyStroke_Modifiers/>
        <AD_ToolBarButton_UU>9b44dd52-80cd-439a-bd46-f46c480ac300</AD_ToolBarButton_UU>
        <Action>W</Action>
        <AD_Tab_ID reference="id">186</AD_Tab_ID>
        <AD_Process_ID reference="uuid" reference-key="AD_Process">5efaeb22-fe9f-47ae-a1ae-228b3395e68e</AD_Process_ID>
        <DisplayLogic/>
        <SeqNo>10</SeqNo>
        <IsAdvancedButton>N</IsAdvancedButton>
        <IsAddSeparator>N</IsAddSeparator>
    </AD_ToolBarButton>
    <M_ShipperCfg type="table">
        <AD_Client_ID>0</AD_Client_ID>
        <AD_Org_ID>0</AD_Org_ID>
        <Description>Configuração padrão para estimar preço com o sistema dos correios</Description>
        <IsActive>Y</IsActive>
        <IsInternational>Y</IsInternational>
        <IsOnline>Y</IsOnline>
        <IsResidential>Y</IsResidential>
        <IsSaturdayDelivery>Y</IsSaturdayDelivery>
        <M_ShipperCfg_UU>8a1badef-6586-4c50-a2c3-7597c44b849f</M_ShipperCfg_UU>
        <Name>Correios do Brasil</Name>
        <ShippingServiceCode/>
        <TrackingURL/>
        <M_ShippingProcessorCfg_ID reference="id"/>
        <CopyFrom>N</CopyFrom>
    </M_ShipperCfg>
    <M_ShipperPackagingCfg type="table">
        <AD_Client_ID>0</AD_Client_ID>
        <AD_Org_ID>0</AD_Org_ID>
        <Description/>
        <IsActive>Y</IsActive>
        <IsDefault>Y</IsDefault>
        <M_ShipperCfg_ID reference="uuid" reference-key="M_ShipperCfg">8a1badef-6586-4c50-a2c3-7597c44b849f</M_ShipperCfg_ID>
        <M_ShipperPackagingCfg_UU>518960b5-3b62-4300-a2a3-81acd084f6b1</M_ShipperPackagingCfg_UU>
        <Name>Caixa/Pacote</Name>
        <Value>1</Value>
        <Weight>0.15</Weight>
    </M_ShipperPackagingCfg>
    <M_ShipperPackagingCfg type="table">
        <AD_Client_ID>0</AD_Client_ID>
        <AD_Org_ID>0</AD_Org_ID>
        <Description/>
        <IsActive>Y</IsActive>
        <IsDefault>N</IsDefault>
        <M_ShipperCfg_ID reference="uuid" reference-key="M_ShipperCfg">8a1badef-6586-4c50-a2c3-7597c44b849f</M_ShipperCfg_ID>
        <M_ShipperPackagingCfg_UU>889e7148-33ea-456c-9ff0-91002d8c9670</M_ShipperPackagingCfg_UU>
        <Name>Rolo/Prisma</Name>
        <Value>2</Value>
        <Weight>0.15</Weight>
    </M_ShipperPackagingCfg>
    <M_ShipperPackagingCfg type="table">
        <AD_Client_ID>0</AD_Client_ID>
        <AD_Org_ID>0</AD_Org_ID>
        <Description/>
        <IsActive>Y</IsActive>
        <IsDefault>N</IsDefault>
        <M_ShipperCfg_ID reference="uuid" reference-key="M_ShipperCfg">8a1badef-6586-4c50-a2c3-7597c44b849f</M_ShipperCfg_ID>
        <M_ShipperPackagingCfg_UU>cb978365-b7ca-4f9e-88ec-8049aa766a1a</M_ShipperPackagingCfg_UU>
        <Name>Envelope</Name>
        <Value>3</Value>
        <Weight>0.05</Weight>
    </M_ShipperPackagingCfg>
    <AD_Message type="table">
        <AD_Client_ID>0</AD_Client_ID>
        <AD_Org_ID>0</AD_Org_ID>
        <MsgType>I</MsgType>
        <MsgText>Informe os dados abaixo para fazer o cálculo do frete nos Correios. As medidas somente tem efeito para saber os tamanhos mínimos e máximos de cada pacote, não influenciando no preço (para preço do balcão). Além do preço do balcão o sistema mostra os preços de contrato, caso sua empresa tenha um contrato de prestação de serviços configurado.</MsgText>
        <MsgTip/>
        <IsActive>Y</IsActive>
        <Value>LBR_FreightCalcHelp</Value>
        <EntityType>LBRA</EntityType>
        <AD_Message_UU>abfbe3f0-a251-4228-af61-490a035ebea1</AD_Message_UU>
        <AD_Message_Trl type="translation">
            <MsgText>Informe os dados abaixo para fazer o cálculo do frete nos Correios. As medidas somente tem efeito para saber os tamanhos mínimos e máximos de cada pacote, não influenciando no preço (para preço do balcão). Além do preço do balcão é possível configurar um contrato com os correios. 

O peso máximo para Envelopes é 1kg.</MsgText>
            <MsgTip/>
            <AD_Language>en_US</AD_Language>
            <IsActive>Y</IsActive>
            <IsTranslated>N</IsTranslated>
        </AD_Message_Trl>
        <AD_Message_Trl type="translation">
            <MsgText>Informe os dados abaixo para fazer o cálculo do frete nos Correios. As medidas somente tem efeito para saber os tamanhos mínimos e máximos de cada pacote, não influenciando no preço (para preço do balcão). Além do preço do balcão o sistema mostra os preços de contrato, caso sua empresa tenha um contrato de prestação de serviços configurado.</MsgText>
            <MsgTip/>
            <AD_Language>pt_BR</AD_Language>
            <IsActive>Y</IsActive>
            <IsTranslated>Y</IsTranslated>
        </AD_Message_Trl>
    </AD_Message>
    <AD_Package_Exp type="table">
        <AD_Client_ID>0</AD_Client_ID>
        <AD_Org_ID>0</AD_Org_ID>
        <AD_Package_Type>X</AD_Package_Type>
        <EMail>rsantana@kenos.com.br</EMail>
        <Instructions/>
        <Name>Correios</Name>
        <Processed>N</Processed>
        <ReleaseNo/>
        <Version/>
        <UserName/>
        <Processing>N</Processing>
        <PK_Version>1.0.0</PK_Version>
        <IsActive>Y</IsActive>
        <File_Directory/>
        <Description>Integração com o sistema de cálculo de frete dos correios.</Description>
        <AD_Package_Exp_UU>c7e12128-89ac-4ef5-a7b0-8afd843e9e5b</AD_Package_Exp_UU>
        <DateFrom/>
        <IsExportDictionaryEntity>N</IsExportDictionaryEntity>
    </AD_Package_Exp>
    <AD_Package_Exp_Detail type="table">
        <AD_Client_ID>0</AD_Client_ID>
        <AD_Org_ID>0</AD_Org_ID>
        <AD_Form_ID reference="id"/>
        <AD_ImpFormat_ID reference="id"/>
        <AD_Menu_ID reference="id"/>
        <AD_Process_ID reference="uuid" reference-key="AD_Process">5efaeb22-fe9f-47ae-a1ae-228b3395e68e</AD_Process_ID>
        <AD_Role_ID reference="id">0</AD_Role_ID>
        <AD_Window_ID reference="id"/>
        <AD_Workflow_ID reference="id"/>
        <IsActive>Y</IsActive>
        <File_Directory/>
        <FileName/>
        <Destination_FileName/>
        <Destination_Directory/>
        <Description>Process to be used on Sales Order Toolbar Button</Description>
        <DBType>ALL</DBType>
        <Type>P</Type>
        <Target_Directory/>
        <SQLStatement/>
        <ReleaseNo/>
        <Processing>N</Processing>
        <Processed>N</Processed>
        <Name2/>
        <Line>20</Line>
        <AD_Workbench_ID reference="id"/>
        <AD_Table_ID reference="id"/>
        <AD_ReportView_ID reference="id"/>
        <AD_Package_Exp_ID reference="uuid" reference-key="AD_Package_Exp">c7e12128-89ac-4ef5-a7b0-8afd843e9e5b</AD_Package_Exp_ID>
        <AD_Package_Code_New/>
        <AD_Package_Code_Old/>
        <AD_Val_Rule_ID reference="id"/>
        <AD_Message_ID reference="id"/>
        <AD_PrintFormat_ID reference="id"/>
        <AD_Reference_ID reference="id"/>
        <AD_ModelValidator_ID reference="id"/>
        <AD_EntityType_ID reference="id"/>
        <AD_Package_Exp_Detail_UU>a332ef7c-7089-48f1-88e9-7e566d7919f8</AD_Package_Exp_Detail_UU>
    </AD_Package_Exp_Detail>
    <AD_Package_Exp_Detail type="table">
        <AD_Client_ID>0</AD_Client_ID>
        <AD_Org_ID>0</AD_Org_ID>
        <AD_Form_ID reference="id"/>
        <AD_ImpFormat_ID reference="id"/>
        <AD_Menu_ID reference="id"/>
        <AD_Process_ID reference="id"/>
        <AD_Role_ID reference="id">0</AD_Role_ID>
        <AD_Window_ID reference="id"/>
        <AD_Workflow_ID reference="id"/>
        <IsActive>Y</IsActive>
        <File_Directory/>
        <FileName/>
        <Destination_FileName/>
        <Destination_Directory/>
        <Description>Toolbar Button on Sales Order</Description>
        <DBType>ALL</DBType>
        <Type>D</Type>
        <Target_Directory/>
        <SQLStatement>SELECT * FROM AD_ToolBarButton WHERE AD_ToolBarButton_UU='9b44dd52-80cd-439a-bd46-f46c480ac300'</SQLStatement>
        <ReleaseNo/>
        <Processing>N</Processing>
        <Processed>N</Processed>
        <Name2/>
        <Line>30</Line>
        <AD_Workbench_ID reference="id"/>
        <AD_Table_ID reference="id">200003</AD_Table_ID>
        <AD_ReportView_ID reference="id"/>
        <AD_Package_Exp_ID reference="uuid" reference-key="AD_Package_Exp">c7e12128-89ac-4ef5-a7b0-8afd843e9e5b</AD_Package_Exp_ID>
        <AD_Package_Code_New/>
        <AD_Package_Code_Old/>
        <AD_Val_Rule_ID reference="id"/>
        <AD_Message_ID reference="id"/>
        <AD_PrintFormat_ID reference="id"/>
        <AD_Reference_ID reference="id"/>
        <AD_ModelValidator_ID reference="id"/>
        <AD_EntityType_ID reference="id"/>
        <AD_Package_Exp_Detail_UU>fcc24df6-5346-412b-9274-d7fa95893f9f</AD_Package_Exp_Detail_UU>
    </AD_Package_Exp_Detail>
    <AD_Package_Exp_Detail type="table">
        <AD_Client_ID>0</AD_Client_ID>
        <AD_Org_ID>0</AD_Org_ID>
        <AD_Form_ID reference="id"/>
        <AD_ImpFormat_ID reference="id"/>
        <AD_Menu_ID reference="id"/>
        <AD_Process_ID reference="id"/>
        <AD_Role_ID reference="id">0</AD_Role_ID>
        <AD_Window_ID reference="id"/>
        <AD_Workflow_ID reference="id"/>
        <IsActive>Y</IsActive>
        <File_Directory/>
        <FileName/>
        <Destination_FileName/>
        <Destination_Directory/>
        <Description>This 2Pack</Description>
        <DBType>ALL</DBType>
        <Type>D</Type>
        <Target_Directory/>
        <SQLStatement>SELECT * FROM AD_Package_Exp WHERE AD_Package_Exp_UU='c7e12128-89ac-4ef5-a7b0-8afd843e9e5b'</SQLStatement>
        <ReleaseNo/>
        <Processing>N</Processing>
        <Processed>N</Processed>
        <Name2/>
        <Line>100</Line>
        <AD_Workbench_ID reference="id"/>
        <AD_Table_ID reference="id">50005</AD_Table_ID>
        <AD_ReportView_ID reference="id"/>
        <AD_Package_Exp_ID reference="uuid" reference-key="AD_Package_Exp">c7e12128-89ac-4ef5-a7b0-8afd843e9e5b</AD_Package_Exp_ID>
        <AD_Package_Code_New/>
        <AD_Package_Code_Old/>
        <AD_Val_Rule_ID reference="id"/>
        <AD_Message_ID reference="id"/>
        <AD_PrintFormat_ID reference="id"/>
        <AD_Reference_ID reference="id"/>
        <AD_ModelValidator_ID reference="id"/>
        <AD_EntityType_ID reference="id"/>
        <AD_Package_Exp_Detail_UU>1aeb6a2c-df3a-4d4f-8505-bdd8f59176cb</AD_Package_Exp_Detail_UU>
    </AD_Package_Exp_Detail>
    <AD_Package_Exp_Detail type="table">
        <AD_Client_ID>0</AD_Client_ID>
        <AD_Org_ID>0</AD_Org_ID>
        <AD_Form_ID reference="id"/>
        <AD_ImpFormat_ID reference="id"/>
        <AD_Menu_ID reference="id"/>
        <AD_Process_ID reference="id"/>
        <AD_Role_ID reference="id">0</AD_Role_ID>
        <AD_Window_ID reference="id"/>
        <AD_Workflow_ID reference="id"/>
        <IsActive>Y</IsActive>
        <File_Directory/>
        <FileName/>
        <Destination_FileName/>
        <Destination_Directory/>
        <Description>This 2Pack Detail</Description>
        <DBType>ALL</DBType>
        <Type>D</Type>
        <Target_Directory/>
        <SQLStatement>SELECT * FROM AD_Package_Exp_Detail WHERE EXISTS (SELECT '1' FROM AD_Package_Exp WHERE AD_Package_Exp_UU='c7e12128-89ac-4ef5-a7b0-8afd843e9e5b' AND AD_Package_Exp.AD_Package_Exp_ID=AD_Package_Exp_Detail.AD_Package_Exp_ID)</SQLStatement>
        <ReleaseNo/>
        <Processing>N</Processing>
        <Processed>N</Processed>
        <Name2/>
        <Line>110</Line>
        <AD_Workbench_ID reference="id"/>
        <AD_Table_ID reference="id">50006</AD_Table_ID>
        <AD_ReportView_ID reference="id"/>
        <AD_Package_Exp_ID reference="uuid" reference-key="AD_Package_Exp">c7e12128-89ac-4ef5-a7b0-8afd843e9e5b</AD_Package_Exp_ID>
        <AD_Package_Code_New/>
        <AD_Package_Code_Old/>
        <AD_Val_Rule_ID reference="id"/>
        <AD_Message_ID reference="id"/>
        <AD_PrintFormat_ID reference="id"/>
        <AD_Reference_ID reference="id"/>
        <AD_ModelValidator_ID reference="id"/>
        <AD_EntityType_ID reference="id"/>
        <AD_Package_Exp_Detail_UU>7fb64ade-9c71-41f3-bc9a-e2d712afe2a8</AD_Package_Exp_Detail_UU>
    </AD_Package_Exp_Detail>
    <AD_Package_Exp_Detail type="table">
        <AD_Client_ID>0</AD_Client_ID>
        <AD_Org_ID>0</AD_Org_ID>
        <AD_Form_ID reference="id"/>
        <AD_ImpFormat_ID reference="id"/>
        <AD_Menu_ID reference="id"/>
        <AD_Process_ID reference="id"/>
        <AD_Role_ID reference="id">0</AD_Role_ID>
        <AD_Window_ID reference="id"/>
        <AD_Workflow_ID reference="id"/>
        <IsActive>Y</IsActive>
        <File_Directory/>
        <FileName/>
        <Destination_FileName/>
        <Destination_Directory/>
        <Description>Default Shipper</Description>
        <DBType>ALL</DBType>
        <Type>D</Type>
        <Target_Directory/>
        <SQLStatement>SELECT * FROM M_ShipperCfg WHERE M_ShipperCfg_UU='8a1badef-6586-4c50-a2c3-7597c44b849f'</SQLStatement>
        <ReleaseNo/>
        <Processing>N</Processing>
        <Processed>N</Processed>
        <Name2/>
        <Line>40</Line>
        <AD_Workbench_ID reference="id"/>
        <AD_Table_ID reference="id">200047</AD_Table_ID>
        <AD_ReportView_ID reference="id"/>
        <AD_Package_Exp_ID reference="uuid" reference-key="AD_Package_Exp">c7e12128-89ac-4ef5-a7b0-8afd843e9e5b</AD_Package_Exp_ID>
        <AD_Package_Code_New/>
        <AD_Package_Code_Old/>
        <AD_Val_Rule_ID reference="id"/>
        <AD_Message_ID reference="id"/>
        <AD_PrintFormat_ID reference="id"/>
        <AD_Reference_ID reference="id"/>
        <AD_ModelValidator_ID reference="id"/>
        <AD_EntityType_ID reference="id"/>
        <AD_Package_Exp_Detail_UU>abe90567-f7e2-4602-b2ae-782a42dc6b02</AD_Package_Exp_Detail_UU>
    </AD_Package_Exp_Detail>
    <AD_Package_Exp_Detail type="table">
        <AD_Client_ID>0</AD_Client_ID>
        <AD_Org_ID>0</AD_Org_ID>
        <AD_Form_ID reference="id"/>
        <AD_ImpFormat_ID reference="id"/>
        <AD_Menu_ID reference="id"/>
        <AD_Process_ID reference="id"/>
        <AD_Role_ID reference="id">0</AD_Role_ID>
        <AD_Window_ID reference="id"/>
        <AD_Workflow_ID reference="id"/>
        <IsActive>Y</IsActive>
        <File_Directory/>
        <FileName/>
        <Destination_FileName/>
        <Destination_Directory/>
        <Description>Default Packing</Description>
        <DBType>ALL</DBType>
        <Type>D</Type>
        <Target_Directory/>
        <SQLStatement>SELECT M_ShipperPackagingCfg.* FROM M_ShipperPackagingCfg, M_ShipperCfg s WHERE s.M_ShipperCfg_ID=M_ShipperPackagingCfg.M_ShipperCfg_ID AND M_ShipperCfg_UU='8a1badef-6586-4c50-a2c3-7597c44b849f'</SQLStatement>
        <ReleaseNo/>
        <Processing>N</Processing>
        <Processed>N</Processed>
        <Name2/>
        <Line>50</Line>
        <AD_Workbench_ID reference="id"/>
        <AD_Table_ID reference="id">200049</AD_Table_ID>
        <AD_ReportView_ID reference="id"/>
        <AD_Package_Exp_ID reference="uuid" reference-key="AD_Package_Exp">c7e12128-89ac-4ef5-a7b0-8afd843e9e5b</AD_Package_Exp_ID>
        <AD_Package_Code_New/>
        <AD_Package_Code_Old/>
        <AD_Val_Rule_ID reference="id"/>
        <AD_Message_ID reference="id"/>
        <AD_PrintFormat_ID reference="id"/>
        <AD_Reference_ID reference="id"/>
        <AD_ModelValidator_ID reference="id"/>
        <AD_EntityType_ID reference="id"/>
        <AD_Package_Exp_Detail_UU>7cd001d3-6666-473b-826e-018e45f0e5d1</AD_Package_Exp_Detail_UU>
    </AD_Package_Exp_Detail>
    <AD_Package_Exp_Detail type="table">
        <AD_Client_ID>0</AD_Client_ID>
        <AD_Org_ID>0</AD_Org_ID>
        <AD_Form_ID reference="id"/>
        <AD_ImpFormat_ID reference="id"/>
        <AD_Menu_ID reference="id"/>
        <AD_Process_ID reference="id"/>
        <AD_Role_ID reference="id">0</AD_Role_ID>
        <AD_Window_ID reference="id"/>
        <AD_Workflow_ID reference="id"/>
        <IsActive>Y</IsActive>
        <File_Directory/>
        <FileName/>
        <Destination_FileName/>
        <Destination_Directory/>
        <Description/>
        <DBType>ALL</DBType>
        <Type>MSG</Type>
        <Target_Directory/>
        <SQLStatement/>
        <ReleaseNo/>
        <Processing>N</Processing>
        <Processed>N</Processed>
        <Name2/>
        <Line>60</Line>
        <AD_Workbench_ID reference="id"/>
        <AD_Table_ID reference="id"/>
        <AD_ReportView_ID reference="id"/>
        <AD_Package_Exp_ID reference="uuid" reference-key="AD_Package_Exp">c7e12128-89ac-4ef5-a7b0-8afd843e9e5b</AD_Package_Exp_ID>
        <AD_Package_Code_New/>
        <AD_Package_Code_Old/>
        <AD_Val_Rule_ID reference="id"/>
        <AD_Message_ID reference="uuid" reference-key="AD_Message">abfbe3f0-a251-4228-af61-490a035ebea1</AD_Message_ID>
        <AD_PrintFormat_ID reference="id"/>
        <AD_Reference_ID reference="id"/>
        <AD_ModelValidator_ID reference="id"/>
        <AD_EntityType_ID reference="id"/>
        <AD_Package_Exp_Detail_UU>4e3f06f7-115a-447e-a5e1-032628641d11</AD_Package_Exp_Detail_UU>
    </AD_Package_Exp_Detail>
    <AD_Package_Exp_Detail type="table">
        <AD_Client_ID>0</AD_Client_ID>
        <AD_Org_ID>0</AD_Org_ID>
        <AD_Form_ID reference="id"/>
        <AD_ImpFormat_ID reference="id"/>
        <AD_Menu_ID reference="uuid" reference-key="AD_Menu">860aaab9-1df5-470d-b813-a6a45c33e2dd</AD_Menu_ID>
        <AD_Process_ID reference="id"/>
        <AD_Role_ID reference="id">0</AD_Role_ID>
        <AD_Window_ID reference="id"/>
        <AD_Workflow_ID reference="id"/>
        <IsActive>Y</IsActive>
        <File_Directory/>
        <FileName/>
        <Destination_FileName/>
        <Destination_Directory/>
        <Description>Menu and Form</Description>
        <DBType>ALL</DBType>
        <Type>M</Type>
        <Target_Directory/>
        <SQLStatement/>
        <ReleaseNo/>
        <Processing>N</Processing>
        <Processed>N</Processed>
        <Name2/>
        <Line>10</Line>
        <AD_Workbench_ID reference="id"/>
        <AD_Table_ID reference="id"/>
        <AD_ReportView_ID reference="id"/>
        <AD_Package_Exp_ID reference="uuid" reference-key="AD_Package_Exp">c7e12128-89ac-4ef5-a7b0-8afd843e9e5b</AD_Package_Exp_ID>
        <AD_Package_Code_New/>
        <AD_Package_Code_Old/>
        <AD_Val_Rule_ID reference="id"/>
        <AD_Message_ID reference="id"/>
        <AD_PrintFormat_ID reference="id"/>
        <AD_Reference_ID reference="id"/>
        <AD_ModelValidator_ID reference="id"/>
        <AD_EntityType_ID reference="id"/>
        <AD_Package_Exp_Detail_UU>564d6ed4-0489-4195-be9d-27496eeb740b</AD_Package_Exp_Detail_UU>
    </AD_Package_Exp_Detail>
</idempiere>
